Internal ID,QB inv #,Customer,Document Number
90139,264263,United Rentals,INV2261845
90093,264432,United Rentals,INV2261800
89814,264485,United Rentals,INV2261531
89833,263709,United Rentals,INV2261546
89916,264444,United Rentals,INV2261629
90092,264431,United Rentals,INV2261799
89879,264396,United Rentals,INV2261592
90161,264398,United Rentals,INV2261867
89912,264163,United Rentals,INV2261625
89790,264440,United Rentals,INV2261507
89721,264551,United Rentals,INV2261438
90140,264264,United Rentals,INV2261846
90141,264265,United Rentals,INV2261847
89918,264567,United Rentals,INV2261631
89980,263034,United Rentals,INV2261691
90031,263066,United Rentals,INV2261738
90079,263045,United Rentals,INV2261786
90082,263052,United Rentals,INV2261789
90116,263037,United Rentals,INV2261823
90130,263036,United Rentals,INV2261836
90155,263046,United Rentals,INV2261861
90160,263049,United Rentals,INV2261866
89979,263033,United Rentals,INV2261690
90037,263050,United Rentals,INV2261744
90067,263410,United Rentals,INV2261774
89789,264616,United Rentals,INV2261506
89802,264666,United Rentals,INV2261519
90156,264395,United Rentals,INV2261862
89917,264460,United Rentals,INV2261630
89982,263422,United Rentals,INV2261693
89746,263713,United Rentals,INV2261463
90142,264266,United Rentals,INV2261848
90089,263044,United Rentals,INV2261796
90120,264464,United Rentals,INV2261827
89852,264584,United Rentals,INV2261565
90121,264703,United Rentals,INV2261828
89914,264285,United Rentals,INV2261627
89801,263408,United Rentals,INV2261518
89783,264729,United Rentals,INV2261500
89885,264638,United Rentals,INV2261598
90108,264760,United Rentals,INV2261815
89923,264768,United Rentals,INV2261634
89922,264736,United Rentals,INV2261633
89921,264595,United Rentals,INV2261632
90122,264750,United Rentals,INV2261829
90050,264537,United Rentals,INV2261757
90010,264773,United Rentals,INV2261721
90157,264660,United Rentals,INV2261863
89791,264757,United Rentals,INV2261508
89764,264721,United Rentals,INV2261481
90143,264276,United Rentals,INV2261849
89835,264758,United Rentals,INV2261548
90123,264783,United Rentals,INV2261830
89747,264541,United Rentals,INV2261464
90004,264221,United Rentals,INV2261715
90167,264220,United Rentals,INV2261873
89736,264836,United Rentals,INV2261453
90039,264898,United Rentals,INV2261746
90144,264277,United Rentals,INV2261850
89750,264931,United Rentals,INV2261467
89985,264913,United Rentals,INV2261696
89793,264838,United Rentals,INV2261510
90038,264797,United Rentals,INV2261745
89983,264222,United Rentals,INV2261694
90068,264218,United Rentals,INV2261775
89924,265032,United Rentals,INV2261635
89824,265244,United Rentals,INV2261537
89986,265291,United Rentals,INV2261697
90145,264278,United Rentals,INV2261851
89882,265298,United Rentals,INV2261595
89778,265706,United Rentals,INV2261495
89913,264214,United Rentals,INV2261626
89724,267041,United Rentals,INV2261441
89748,264542,United Rentals,INV2261465
90094,265454,United Rentals,INV2261801
89729,265323,United Rentals,INV2261446
89731,265522,United Rentals,INV2261448
90146,264279,United Rentals,INV2261852
89720,264539,United Rentals,INV2261437
90040,265471,United Rentals,INV2261747
90051,264538,United Rentals,INV2261758
90147,264280,United Rentals,INV2261853
90041,265629,United Rentals,INV2261748
90148,264281,United Rentals,INV2261854
89858,265674,United Rentals,INV2261571
90149,264282,United Rentals,INV2261855
90071,265858,United Rentals,INV2261778
89984,264223,United Rentals,INV2261695
89854,265775,United Rentals,INV2261567
89837,265830,United Rentals,INV2261550
89859,265675,United Rentals,INV2261572
90080,265841,United Rentals,INV2261787
89836,265828,United Rentals,INV2261549
89732,265859,United Rentals,INV2261449
90150,265404,United Rentals,INV2261856
90042,265803,United Rentals,INV2261749
89838,265850,United Rentals,INV2261551
89926,265553,United Rentals,INV2261637
90072,265930,United Rentals,INV2261779
89989,266015,United Rentals,INV2261700
90084,265953,United Rentals,INV2261791
89932,266059,United Rentals,INV2261643
90069,265401,United Rentals,INV2261776
89927,265804,United Rentals,INV2261638
89928,265805,United Rentals,INV2261639
90151,265405,United Rentals,INV2261857
90053,265596,United Rentals,INV2261760
89930,265993,United Rentals,INV2261641
89929,265936,United Rentals,INV2261640
90083,265937,United Rentals,INV2261790
89987,265412,United Rentals,INV2261698
89749,264543,United Rentals,INV2261466
90095,265735,United Rentals,INV2261802
89931,266036,United Rentals,INV2261642
90033,266071,United Rentals,INV2261740
90152,265407,United Rentals,INV2261858
90052,265595,United Rentals,INV2261759
89934,266234,United Rentals,INV2261645
89829,266110,United Rentals,INV2261542
90073,266024,United Rentals,INV2261780
89925,265400,United Rentals,INV2261636
90124,265247,United Rentals,INV2261831
90085,266231,United Rentals,INV2261792
90007,266470,United Rentals,INV2261718
90153,265408,United Rentals,INV2261859
90019,266298,United Rentals,INV2261730
89723,266451,United Rentals,INV2261440
90154,265409,United Rentals,INV2261860
90096,266537,United Rentals,INV2261803
90054,265597,United Rentals,INV2261761
89937,266762,United Rentals,INV2261648
89938,266763,United Rentals,INV2261649
89939,266764,United Rentals,INV2261650
89993,266761,United Rentals,INV2261704
90133,266765,United Rentals,INV2261839
89803,266510,United Rentals,INV2261520
89935,266552,United Rentals,INV2261646
90070,265402,United Rentals,INV2261777
89988,265413,United Rentals,INV2261699
89751,265612,United Rentals,INV2261468
89819,266633,United Rentals,INV2261532
90132,266564,United Rentals,INV2261838
89730,266629,United Rentals,INV2261447
89936,266553,United Rentals,INV2261647
89792,266885,United Rentals,INV2261509
89765,266844,United Rentals,INV2261482
89820,266846,United Rentals,INV2261533
89830,266889,United Rentals,INV2261543
89839,266886,United Rentals,INV2261552
89840,266891,United Rentals,INV2261553
90163,266871,United Rentals,INV2261869
90057,266760,United Rentals,INV2261764
90011,266781,United Rentals,INV2261722
90081,266782,United Rentals,INV2261788
89994,266876,United Rentals,INV2261705
89880,266551,United Rentals,INV2261593
90162,266682,United Rentals,INV2261868
89752,266454,United Rentals,INV2261469
90005,266152,United Rentals,INV2261716
90129,266011,United Rentals,INV2261835
90168,266142,United Rentals,INV2261874
90097,266839,United Rentals,INV2261804
90098,266845,United Rentals,INV2261805
90074,266140,United Rentals,INV2261781
89990,266153,United Rentals,INV2261701
90012,266856,United Rentals,INV2261723
89946,267089,United Rentals,INV2261657
90055,266449,United Rentals,INV2261762
89842,267111,United Rentals,INV2261555
89945,267067,United Rentals,INV2261656
89933,266139,United Rentals,INV2261644
89753,266455,United Rentals,INV2261470
90101,267160,United Rentals,INV2261808
89944,267027,United Rentals,INV2261655
89722,265605,United Rentals,INV2261439
89991,266154,United Rentals,INV2261702
89754,266456,United Rentals,INV2261471
89949,267402,United Rentals,INV2261660
89844,267497,United Rentals,INV2261557
90056,266450,United Rentals,INV2261763
89843,267439,United Rentals,INV2261556
89948,267354,United Rentals,INV2261659
89804,267489,United Rentals,INV2261521
89821,267678,United Rentals,INV2261534
89950,267508,United Rentals,INV2261661
89831,267601,United Rentals,INV2261544
89713,267533,United Rentals,INV2261430
90008,266860,United Rentals,INV2261719
89871,267706,United Rentals,INV2261584
90020,267103,United Rentals,INV2261731
89997,267734,United Rentals,INV2261708
90134,267544,United Rentals,INV2261840
89870,267668,United Rentals,INV2261583
89951,267666,United Rentals,INV2261662
89864,253205,United Rentals,INV2261577
89755,267328,United Rentals,INV2261472
89995,267158,United Rentals,INV2261706
90102,267728,United Rentals,INV2261809
90127,267786,United Rentals,INV2261833
89766,267780,United Rentals,INV2261483
90104,267792,United Rentals,INV2261811
89782,267768,United Rentals,INV2261499
90164,267756,United Rentals,INV2261870
89947,267155,United Rentals,INV2261658
89952,267810,United Rentals,INV2261663
89954,267898,United Rentals,INV2261665
90058,267324,United Rentals,INV2261765
89725,267325,United Rentals,INV2261442
89953,267877,United Rentals,INV2261664
89998,267896,United Rentals,INV2261709
89756,267329,United Rentals,INV2261473
89956,268015,United Rentals,INV2261667
89781,266896,United Rentals,INV2261498
89737,266880,United Rentals,INV2261454
89768,266884,United Rentals,INV2261485
89772,266879,United Rentals,INV2261489
89779,266881,United Rentals,INV2261496
89780,266895,United Rentals,INV2261497
89841,266892,United Rentals,INV2261554
90099,266899,United Rentals,INV2261806
90100,266900,United Rentals,INV2261807
89805,268216,United Rentals,INV2261522
90105,268183,United Rentals,INV2261812
89996,267159,United Rentals,INV2261707
90014,267101,United Rentals,INV2261725
89957,268158,United Rentals,INV2261668
90044,268211,United Rentals,INV2261751
89867,266868,United Rentals,INV2261580
89886,266864,United Rentals,INV2261599
89941,266865,United Rentals,INV2261652
89942,266874,United Rentals,INV2261653
90034,266877,United Rentals,INV2261741
90086,266766,United Rentals,INV2261793
90087,266870,United Rentals,INV2261794
90126,266898,United Rentals,INV2261832
90158,266858,United Rentals,INV2261864
89943,266866,United Rentals,INV2261654
89881,266897,United Rentals,INV2261594
90043,266873,United Rentals,INV2261750
89883,266883,United Rentals,INV2261596
90001,268231,United Rentals,INV2261712
89847,268278,United Rentals,INV2261560
90090,266869,United Rentals,INV2261797
89846,268276,United Rentals,INV2261559
90035,268342,United Rentals,INV2261742
89958,268266,United Rentals,INV2261669
89823,268365,United Rentals,INV2261536
90060,268043,United Rentals,INV2261767
89959,268281,United Rentals,INV2261670
89845,268275,United Rentals,INV2261558
89822,267707,United Rentals,INV2261535
89757,268058,United Rentals,INV2261474
90006,267993,United Rentals,INV2261717
89806,268359,United Rentals,INV2261523
89960,268389,United Rentals,INV2261671
90169,267992,United Rentals,INV2261875
89738,268367,United Rentals,INV2261455
90159,268334,United Rentals,INV2261865
90015,267983,United Rentals,INV2261726
89999,267994,United Rentals,INV2261710
90076,267987,United Rentals,INV2261783
89758,268060,United Rentals,INV2261475
90059,268042,United Rentals,INV2261766
89955,267986,United Rentals,INV2261666
89860,268433,United Rentals,INV2261573
90106,268736,United Rentals,INV2261813
90135,268555,United Rentals,INV2261841
89726,268053,United Rentals,INV2261443
89962,268715,United Rentals,INV2261673
89966,268872,United Rentals,INV2261677
89967,268892,United Rentals,INV2261678
89861,268434,United Rentals,INV2261574
90000,267995,United Rentals,INV2261711
89759,268061,United Rentals,INV2261476
90025,267985,United Rentals,INV2261732
89963,268748,United Rentals,INV2261674
90009,268843,United Rentals,INV2261720
90061,268044,United Rentals,INV2261768
90103,268882,United Rentals,INV2261810
89964,268796,United Rentals,INV2261675
89992,266758,United Rentals,INV2261703
90016,268971,United Rentals,INV2261727
89760,268630,United Rentals,INV2261477
89714,268604,United Rentals,INV2261431
89965,268844,United Rentals,INV2261676
89970,269128,United Rentals,INV2261681
89969,269127,United Rentals,INV2261680
89807,269126,United Rentals,INV2261524
89862,268650,United Rentals,INV2261575
89825,269187,United Rentals,INV2261538
90062,268627,United Rentals,INV2261769
89968,269019,United Rentals,INV2261679
90078,269186,United Rentals,INV2261785
90002,268669,United Rentals,INV2261713
90077,268657,United Rentals,INV2261784
89848,268623,United Rentals,INV2261561
89711,269317,United Rentals,INV2261428
89850,269833,United Rentals,INV2261563
90107,269241,United Rentals,INV2261814
89849,269343,United Rentals,INV2261562
89971,269249,United Rentals,INV2261682
89863,268651,United Rentals,INV2261576
89961,268656,United Rentals,INV2261672
89873,269395,United Rentals,INV2261586
89874,269395 RB,United Rentals,INV2261587
89761,268631,United Rentals,INV2261478
89853,269363,United Rentals,INV2261566
90136,269424,United Rentals,INV2261842
89727,268629,United Rentals,INV2261444
90045,269396,United Rentals,INV2261752
89872,269388,United Rentals,INV2261585
89972,269426,United Rentals,INV2261683
89832,269567,United Rentals,INV2261545
89973,269427,United Rentals,INV2261684
90171,266573,Uniti Fiber LLC,INV2261877
90170,266499,Uniti Fiber LLC,INV2261876
90172,262554,"UPS Fuel Services, Inc",INV2261878
90173,263905,"UPS Fuel Services, Inc",INV2261879
90175,266799,"UPS Fuel Services, Inc",INV2261881
90174,266798,"UPS Fuel Services, Inc",INV2261880
90177,266801,"UPS Fuel Services, Inc",INV2261883
90176,266800,"UPS Fuel Services, Inc",INV2261882
90179,266803,"UPS Fuel Services, Inc",INV2261885
90180,266804,"UPS Fuel Services, Inc",INV2261886
90181,266805,"UPS Fuel Services, Inc",INV2261887
90183,266807,"UPS Fuel Services, Inc",INV2261889
90182,266806,"UPS Fuel Services, Inc",INV2261888
90185,267568,"UPS Fuel Services, Inc",INV2261891
90184,267567,"UPS Fuel Services, Inc",INV2261890
90187,267570,"UPS Fuel Services, Inc",INV2261893
90186,267569,"UPS Fuel Services, Inc",INV2261892
90189,267573,"UPS Fuel Services, Inc",INV2261895
90188,267572,"UPS Fuel Services, Inc",INV2261894
90191,267576,"UPS Fuel Services, Inc",INV2261897
90190,267574,"UPS Fuel Services, Inc",INV2261896
90192,267577,"UPS Fuel Services, Inc",INV2261898
90193,267578,"UPS Fuel Services, Inc",INV2261899
90194,267579,"UPS Fuel Services, Inc",INV2261900
90195,267580,"UPS Fuel Services, Inc",INV2261901
90196,268446,"UPS Fuel Services, Inc",INV2261902
90197,268447,"UPS Fuel Services, Inc",INV2261903
90199,268449,"UPS Fuel Services, Inc",INV2261905
90198,268448,"UPS Fuel Services, Inc",INV2261904
90201,268451,"UPS Fuel Services, Inc",INV2261907
90200,268450,"UPS Fuel Services, Inc",INV2261906
90202,268452,"UPS Fuel Services, Inc",INV2261908
90204,268458,"UPS Fuel Services, Inc",INV2261910
90203,268453,"UPS Fuel Services, Inc",INV2261909
90178,266802,"UPS Fuel Services, Inc",INV2261884
90205,266635,USA Comserv,INV2261911
90206,267861,USA Comserv,INV2261912
90227,259143,Utility Supply and Construction Company,INV2261933
90232,265322,Utility Supply and Construction Company,INV2261938
90207,264875,Utility Supply and Construction Company,INV2261913
90228,264054,Utility Supply and Construction Company,INV2261934
90229,264322,Utility Supply and Construction Company,INV2261935
90212,265321,Utility Supply and Construction Company,INV2261918
90276,264326,Utility Supply and Construction Company,INV2261982
90230,265104,Utility Supply and Construction Company,INV2261936
90220,265720,Utility Supply and Construction Company,INV2261926
90234,265719,Utility Supply and Construction Company,INV2261940
90231,265144,Utility Supply and Construction Company,INV2261937
90233,265718,Utility Supply and Construction Company,INV2261939
90221,265848,Utility Supply and Construction Company,INV2261927
90237,266198,Utility Supply and Construction Company,INV2261943
90236,266189,Utility Supply and Construction Company,INV2261942
90277,265154,Utility Supply and Construction Company,INV2261983
90241,266618,Utility Supply and Construction Company,INV2261947
90242,266847,Utility Supply and Construction Company,INV2261948
90235,266143,Utility Supply and Construction Company,INV2261941
90222,266728,Utility Supply and Construction Company,INV2261928
90240,266617,Utility Supply and Construction Company,INV2261946
90208,266641,Utility Supply and Construction Company,INV2261914
90244,266928,Utility Supply and Construction Company,INV2261950
90238,266317,Utility Supply and Construction Company,INV2261944
90243,266882,Utility Supply and Construction Company,INV2261949
90245,266968,Utility Supply and Construction Company,INV2261951
90213,267031,Utility Supply and Construction Company,INV2261919
90248,267144,Utility Supply and Construction Company,INV2261954
90209,267146,Utility Supply and Construction Company,INV2261915
90239,266318,Utility Supply and Construction Company,INV2261945
90247,267142,Utility Supply and Construction Company,INV2261953
90278,266322,Utility Supply and Construction Company,INV2261984
90246,266997,Utility Supply and Construction Company,INV2261952
90250,267480,Utility Supply and Construction Company,INV2261956
90251,267481,Utility Supply and Construction Company,INV2261957
90223,267397,Utility Supply and Construction Company,INV2261929
90252,267552,Utility Supply and Construction Company,INV2261958
90249,267241,Utility Supply and Construction Company,INV2261955
90214,267640,Utility Supply and Construction Company,INV2261920
90254,267773,Utility Supply and Construction Company,INV2261960
90253,267737,Utility Supply and Construction Company,INV2261959
90215,267771,Utility Supply and Construction Company,INV2261921
90258,267824,Utility Supply and Construction Company,INV2261964
90259,267887,Utility Supply and Construction Company,INV2261965
90279,267245,Utility Supply and Construction Company,INV2261985
90255,267790,Utility Supply and Construction Company,INV2261961
90260,268199,Utility Supply and Construction Company,INV2261966
90216,268214,Utility Supply and Construction Company,INV2261922
90210,268203,Utility Supply and Construction Company,INV2261916
90256,267817,Utility Supply and Construction Company,INV2261962
90261,268230,Utility Supply and Construction Company,INV2261967
90268,268653,Utility Supply and Construction Company,INV2261974
90264,268408,Utility Supply and Construction Company,INV2261970
90224,268333,Utility Supply and Construction Company,INV2261930
90263,268407,Utility Supply and Construction Company,INV2261969
90265,268551,Utility Supply and Construction Company,INV2261971
90225,268335,Utility Supply and Construction Company,INV2261931
90217,268587,Utility Supply and Construction Company,INV2261923
90266,268600,Utility Supply and Construction Company,INV2261972
90218,268619,Utility Supply and Construction Company,INV2261924
90267,268639,Utility Supply and Construction Company,INV2261973
90281,268776,Utility Supply and Construction Company,INV2261987
90257,267818,Utility Supply and Construction Company,INV2261963
90280,267827,Utility Supply and Construction Company,INV2261986
90269,268913,Utility Supply and Construction Company,INV2261975
90219,268922,Utility Supply and Construction Company,INV2261925
90211,268994,Utility Supply and Construction Company,INV2261917
90270,268915,Utility Supply and Construction Company,INV2261976
90262,268315,Utility Supply and Construction Company,INV2261968
90273,269312,Utility Supply and Construction Company,INV2261979
90226,269236,Utility Supply and Construction Company,INV2261932
90272,269196,Utility Supply and Construction Company,INV2261978
90271,269133,Utility Supply and Construction Company,INV2261977
90274,269318,Utility Supply and Construction Company,INV2261980
90275,269324,Utility Supply and Construction Company,INV2261981
90282,268547,Valvtechnologies LLC,INV2261988
90283,265303,Vanguard Truck Center of Houston,INV2261989
90284,264623,Veloz Logistics,INV2261990
90285,266533,Veloz Logistics,INV2261991
90286,267207,Veloz Logistics,INV2261992
90287,268134,Veloz Logistics,INV2261993
90288,269131,Veloz Logistics,INV2261994
90289,267435,Vera Industries,INV2261995
90290,267467,Vera Industries,INV2261996
90291,269068,Vera Industries,INV2261997
90324,265304,Verizon Global,INV2262030
90301,262819,Verizon Global,INV2262007
90292,257212,Verizon Global,INV2261998
90294,260349,Verizon Global,INV2262000
90295,260681,Verizon Global,INV2262001
90293,259019,Verizon Global,INV2261999
90297,261716,Verizon Global,INV2262003
90296,261076,Verizon Global,INV2262002
90298,261766,Verizon Global,INV2262004
90302,262890,Verizon Global,INV2262008
90300,262628,Verizon Global,INV2262006
90299,261949,Verizon Global,INV2262005
90303,263438,Verizon Global,INV2262009
90304,263959,Verizon Global,INV2262010
90305,264802,Verizon Global,INV2262011
90309,264814,Verizon Global,INV2262015
90310,264817,Verizon Global,INV2262016
90311,264995,Verizon Global,INV2262017
90307,264806,Verizon Global,INV2262013
90308,264811,Verizon Global,INV2262014
90314,264999,Verizon Global,INV2262020
90316,265138,Verizon Global,INV2262022
90306,264804,Verizon Global,INV2262012
90313,264998,Verizon Global,INV2262019
90312,264997,Verizon Global,INV2262018
90315,265122,Verizon Global,INV2262021
90317,265203,Verizon Global,INV2262023
90319,265218,Verizon Global,INV2262025
90318,265215,Verizon Global,INV2262024
90325,265549,Verizon Global,INV2262031
90323,265300,Verizon Global,INV2262029
90322,265299,Verizon Global,INV2262028
90321,265297,Verizon Global,INV2262027
90330,265608,Verizon Global,INV2262032
90331,265884,Verizon Global,INV2262033
90334,266217,Verizon Global,INV2262036
90339,266270,Verizon Global,INV2262041
90335,266223,Verizon Global,INV2262037
90320,265296,Verizon Global,INV2262026
90341,266467,Verizon Global,INV2262043
90332,265889,Verizon Global,INV2262034
90342,266567,Verizon Global,INV2262044
90336,266232,Verizon Global,INV2262038
90337,266233,Verizon Global,INV2262039
90350,268909,Verizon Global,INV2262052
90338,266269,Verizon Global,INV2262040
90344,267634,Verizon Global,INV2262046
90333,265995,Verizon Global,INV2262035
90343,267019,Verizon Global,INV2262045
90346,268118,Verizon Global,INV2262048
90347,268119,Verizon Global,INV2262049
90345,268117,Verizon Global,INV2262047
90348,268213,Verizon Global,INV2262050
90349,268824,Verizon Global,INV2262051
90340,266270 RB,Verizon Global,INV2262042
90352,265999,"Vixxo Kansas, LLC",INV2262054
90353,266000,"Vixxo Kansas, LLC",INV2262055
90351,266211,"Vixxo Kansas, LLC",INV2262053
90354,266948,"Vixxo Kansas, LLC",INV2262056
90356,267077,W&W Steel Erectors LLC,INV2262058
90355,267023,W&W Steel Erectors LLC,INV2262057
90357,267396,W&W Steel Erectors LLC,INV2262059
90358,267846,W&W Steel Erectors LLC,INV2262060
90359,268417,W&W Steel Erectors LLC,INV2262061
90360,268906,W&W Steel Erectors LLC,INV2262062
90361,269147,W&W Steel Erectors LLC,INV2262063
90362,269064,W.M. Schultz Construction Inc.,INV2262064
90368,265658,"Wal-Mart Stores, Inc",INV2262070
90423,263764,"Wal-Mart Stores, Inc",INV2262125
90462,263290,"Wal-Mart Stores, Inc",INV2262161
90436,263464,"Wal-Mart Stores, Inc",INV2262135
90416,263268,"Wal-Mart Stores, Inc",INV2262118
90417,263274,"Wal-Mart Stores, Inc",INV2262119
90403,264476,"Wal-Mart Stores, Inc",INV2262105
90465,264560,"Wal-Mart Stores, Inc",INV2262164
90455,264426,"Wal-Mart Stores, Inc",INV2262154
90451,264544,"Wal-Mart Stores, Inc",INV2262150
90365,264486,"Wal-Mart Stores, Inc",INV2262067
90384,264553,"Wal-Mart Stores, Inc",INV2262086
90388,264501,"Wal-Mart Stores, Inc",INV2262090
90389,264505,"Wal-Mart Stores, Inc",INV2262091
90397,264494,"Wal-Mart Stores, Inc",INV2262099
90448,264483,"Wal-Mart Stores, Inc",INV2262147
90433,264599,"Wal-Mart Stores, Inc",INV2262132
90434,264614,"Wal-Mart Stores, Inc",INV2262133
90463,264586,"Wal-Mart Stores, Inc",INV2262162
90445,264629,"Wal-Mart Stores, Inc",INV2262144
90402,264719,"Wal-Mart Stores, Inc",INV2262104
90405,265062,"Wal-Mart Stores, Inc",INV2262107
90464,264593,"Wal-Mart Stores, Inc",INV2262163
90395,265678,"Wal-Mart Stores, Inc",INV2262097
90452,265682,"Wal-Mart Stores, Inc",INV2262151
90394,265683,"Wal-Mart Stores, Inc",INV2262096
90453,265688,"Wal-Mart Stores, Inc",INV2262152
90449,265690,"Wal-Mart Stores, Inc",INV2262148
90426,265662,"Wal-Mart Stores, Inc",INV2262128
90400,265929,"Wal-Mart Stores, Inc",INV2262102
90369,265776,"Wal-Mart Stores, Inc",INV2262071
90420,266184,"Wal-Mart Stores, Inc",INV2262122
90366,266287,"Wal-Mart Stores, Inc",INV2262068
90438,266208,"Wal-Mart Stores, Inc",INV2262137
90386,266206,"Wal-Mart Stores, Inc",INV2262088
90385,266462,"Wal-Mart Stores, Inc",INV2262087
90396,266220,"Wal-Mart Stores, Inc",INV2262098
90444,266185,"Wal-Mart Stores, Inc",INV2262143
90454,266228,"Wal-Mart Stores, Inc",INV2262153
90387,266197,"Wal-Mart Stores, Inc",INV2262089
90441,266191,"Wal-Mart Stores, Inc",INV2262140
90443,266190,"Wal-Mart Stores, Inc",INV2262142
90457,266235,"Wal-Mart Stores, Inc",INV2262156
90390,266695,"Wal-Mart Stores, Inc",INV2262092
90375,266496,"Wal-Mart Stores, Inc",INV2262077
90428,266519,"Wal-Mart Stores, Inc",INV2262130
90383,266498,"Wal-Mart Stores, Inc",INV2262085
90406,266513,"Wal-Mart Stores, Inc",INV2262108
90446,264640,"Wal-Mart Stores, Inc",INV2262145
90437,266310,"Wal-Mart Stores, Inc",INV2262136
90427,266308,"Wal-Mart Stores, Inc",INV2262129
90376,266494,"Wal-Mart Stores, Inc",INV2262078
90401,266767,"Wal-Mart Stores, Inc",INV2262103
90392,266689,"Wal-Mart Stores, Inc",INV2262094
90458,266688,"Wal-Mart Stores, Inc",INV2262157
90456,266685,"Wal-Mart Stores, Inc",INV2262155
90413,267377,"Wal-Mart Stores, Inc",INV2262115
90459,266605,"Wal-Mart Stores, Inc",INV2262158
90393,266619,"Wal-Mart Stores, Inc",INV2262095
90435,266578,"Wal-Mart Stores, Inc",INV2262134
90363,266662,"Wal-Mart Stores, Inc",INV2262065
90429,266309,"Wal-Mart Stores, Inc",INV2262131
90373,266492,"Wal-Mart Stores, Inc",INV2262075
90380,266904,"Wal-Mart Stores, Inc",INV2262082
90374,266493,"Wal-Mart Stores, Inc",INV2262076
90391,266661,"Wal-Mart Stores, Inc",INV2262093
90466,266990,"Wal-Mart Stores, Inc",INV2262165
90447,266229,"Wal-Mart Stores, Inc",INV2262146
90381,266690,"Wal-Mart Stores, Inc",INV2262083
90377,266903,"Wal-Mart Stores, Inc",INV2262079
90404,266653,"Wal-Mart Stores, Inc",INV2262106
90379,266902,"Wal-Mart Stores, Inc",INV2262081
90460,266612,"Wal-Mart Stores, Inc",INV2262159
90378,267361,"Wal-Mart Stores, Inc",INV2262080
90367,267055,"Wal-Mart Stores, Inc",INV2262069
90364,267532,"Wal-Mart Stores, Inc",INV2262066
90407,267337,"Wal-Mart Stores, Inc",INV2262109
90412,267370,"Wal-Mart Stores, Inc",INV2262114
90410,267457,"Wal-Mart Stores, Inc",INV2262112
90370,267523,"Wal-Mart Stores, Inc",INV2262072
90411,267463,"Wal-Mart Stores, Inc",INV2262113
90408,267343,"Wal-Mart Stores, Inc",INV2262110
90424,268089,"Wal-Mart Stores, Inc",INV2262126
90371,268096,"Wal-Mart Stores, Inc",INV2262073
90421,268110,"Wal-Mart Stores, Inc",INV2262123
90442,268174,"Wal-Mart Stores, Inc",INV2262141
90439,268045,"Wal-Mart Stores, Inc",INV2262138
90425,268371,"Wal-Mart Stores, Inc",INV2262127
90372,268106,"Wal-Mart Stores, Inc",INV2262074
90382,268284,"Wal-Mart Stores, Inc",INV2262084
90440,268056,"Wal-Mart Stores, Inc",INV2262139
90422,268116,"Wal-Mart Stores, Inc",INV2262124
90450,268781,"Wal-Mart Stores, Inc",INV2262149
90409,268923,"Wal-Mart Stores, Inc",INV2262111
90414,268763,"Wal-Mart Stores, Inc",INV2262116
90418,268756,"Wal-Mart Stores, Inc",INV2262120
90419,268762,"Wal-Mart Stores, Inc",INV2262121
90415,268769,"Wal-Mart Stores, Inc",INV2262117
90461,269370,"Wal-Mart Stores, Inc",INV2262160
90398,269562,"Wal-Mart Stores, Inc",INV2262100
90399,269601,"Wal-Mart Stores, Inc",INV2262101
90467,269439,Waste Management,INV2262166
90468,266074,Waste Services of Texas LLC-Cleveland,INV2262167
90469,267859,Waste Services of Texas LLC-Cleveland,INV2262168
90475,264468,"Watterson Environmental Group, LLC",INV2262174
90476,264469,"Watterson Environmental Group, LLC",INV2262175
90477,264471,"Watterson Environmental Group, LLC",INV2262176
90478,264472,"Watterson Environmental Group, LLC",INV2262177
90479,264473,"Watterson Environmental Group, LLC",INV2262178
90470,264839,"Watterson Environmental Group, LLC",INV2262169
90480,264474,"Watterson Environmental Group, LLC",INV2262179
90481,264475,"Watterson Environmental Group, LLC",INV2262180
90472,264369,"Watterson Environmental Group, LLC",INV2262171
90482,264488,"Watterson Environmental Group, LLC",INV2262181
90483,264489,"Watterson Environmental Group, LLC",INV2262182
90484,264490,"Watterson Environmental Group, LLC",INV2262183
90473,265540,"Watterson Environmental Group, LLC",INV2262172
90471,267521,"Watterson Environmental Group, LLC",INV2262170
90474,266739,"Watterson Environmental Group, LLC",INV2262173
90485,264565,Weisinger Incorporated,INV2262184
90486,264692,Weisinger Incorporated,INV2262185
90487,265193,Weisinger Incorporated,INV2262186
90488,265856,Weisinger Incorporated,INV2262187
90490,265957,Weisinger Incorporated,INV2262189
90491,266248,Weisinger Incorporated,INV2262190
90489,265957 RB,Weisinger Incorporated,INV2262188
90493,266596,Weisinger Incorporated,INV2262192
90492,266592,Weisinger Incorporated,INV2262191
90494,266603,Weisinger Incorporated,INV2262193
90496,267064,Weisinger Incorporated,INV2262195
90495,267050,Weisinger Incorporated,INV2262194
90497,267400,Weisinger Incorporated,INV2262196
90499,267785,Weisinger Incorporated,INV2262198
90498,267762,Weisinger Incorporated,INV2262197
90500,268123,Weisinger Incorporated,INV2262199
90501,268256,Weisinger Incorporated,INV2262200
90502,268548,Weisinger Incorporated,INV2262201
90504,269077,Weisinger Incorporated,INV2262203
90503,269060,Weisinger Incorporated,INV2262202
90505,268965,Wellbore Fishing & Rental Tool,INV2262204
90506,269442,Wellbore Fishing & Rental Tool,INV2262205
90507,266397,"Wellbore Services, LLC",INV2262206
90509,267414,WG Wade Shows Inc,INV2262208
90508,267413,WG Wade Shows Inc,INV2262207
90510,267501,WG Wade Shows Inc,INV2262209
90512,267504,WG Wade Shows Inc,INV2262211
90511,267502,WG Wade Shows Inc,INV2262210
90513,267505,WG Wade Shows Inc,INV2262212
90514,268087,WG Wade Shows Inc,INV2262213
90518,268241,WG Wade Shows Inc,INV2262217
90515,268238,WG Wade Shows Inc,INV2262214
90519,268242,WG Wade Shows Inc,INV2262218
90516,268239,WG Wade Shows Inc,INV2262215
90520,268243,WG Wade Shows Inc,INV2262219
90517,268240,WG Wade Shows Inc,INV2262216
90524,268861,WG Wade Shows Inc,INV2262223
90521,268857,WG Wade Shows Inc,INV2262220
90525,268862,WG Wade Shows Inc,INV2262224
90522,268858,WG Wade Shows Inc,INV2262221
90526,268863,WG Wade Shows Inc,INV2262225
90523,268859,WG Wade Shows Inc,INV2262222
90528,265746,Whole Foods Market,INV2262227
90529,266018,Whole Foods Market,INV2262228
90531,266019,Whole Foods Market,INV2262230
90536,266020,Whole Foods Market,INV2262232
90540,266022,Whole Foods Market,INV2262236
90538,266021,Whole Foods Market,INV2262234
90527,266722,Whole Foods Market,INV2262226
90530,266018 RB,Whole Foods Market,INV2262229
90541,266022 RB,Whole Foods Market,INV2262237
90532,266019 RB,Whole Foods Market,INV2262231
90537,266020 RB,Whole Foods Market,INV2262233
90539,266021 RB,Whole Foods Market,INV2262235
90542,262972,WM Shipping Services Inc,INV2262238
90543,263600,WM Shipping Services Inc,INV2262239
90545,265582,WM Shipping Services Inc,INV2262241
90544,264983,WM Shipping Services Inc,INV2262240
90546,264936,"WorldwidePower Products, LLC",INV2262242
90547,265663,"WorldwidePower Products, LLC",INV2262243
90548,266572,"WorldwidePower Products, LLC",INV2262244
90549,268835,"WorldwidePower Products, LLC",INV2262245
90550,268839,"WorldwidePower Products, LLC",INV2262246
90552,268930,"WorldwidePower Products, LLC",INV2262248
90551,268840,"WorldwidePower Products, LLC",INV2262247
90553,265885,ZPMC NA East Coast Inc,INV2262249
90555,267885,ZPMC NA East Coast Inc,INV2262251
90554,266989,ZPMC NA East Coast Inc,INV2262250
90556,268218,ZPMC NA East Coast Inc,INV2262252
90557,268282,ZPMC NA East Coast Inc,INV2262253
90558,269327,ZPMC NA East Coast Inc,INV2262254